question,answer,topic,source
"成年人每天需要睡多久才健康？","我国权威指南推荐成年人每日睡眠时间为7-9小时，老年人适宜7-8小时，青少年需8-10小时，婴幼儿睡眠时间更长。",general,"国家卫健委睡眠科普"
"睡眠分为哪几个主要阶段？","睡眠主要分为清醒期、非快速眼动睡眠（浅睡眠、深睡眠）和快速眼动睡眠（做梦主要阶段），完整睡眠周期约90分钟。",general,"中国睡眠研究会"
"深睡眠有什么作用？","深睡眠是身体修复的核心阶段，能修复细胞、巩固记忆、调节免疫力、促进生长激素分泌，缺深睡眠会导致疲惫、记忆力下降。",general,"睡眠医学基础科普"
"做梦是睡眠质量差的表现吗？","不是，做梦是快速眼动睡眠期的正常生理现象，只要不频繁噩梦、不影响日间精神，做梦不代表睡眠差。",general,"中国睡眠研究会"
"正常的睡眠节律是什么样的？","健康睡眠节律是昼夜节律，遵循日出而作日落而息，夜间11点至凌晨3点是深睡眠黄金时段，固定作息能稳定节律。",general,"国家卫健委睡眠科普"
"睡眠不足会立刻有什么表现？","短期睡眠不足会出现头晕乏力、注意力不集中、情绪烦躁、反应变慢、食欲异常，长期会引发多种健康问题。",general,"国家卫健委睡眠科普"
"睡太久对身体有害吗？","是的，成年人每日睡眠超过10小时属于嗜睡，会导致代谢变慢、头晕乏力、心血管负担加重，还会影响日间精神状态。",general,"中国睡眠研究会"
"什么是生物钟？和睡眠有什么关系？","生物钟是人体内在的昼夜节律调节器，受光照、作息影响，生物钟紊乱会直接导致失眠、睡眠浅、昼夜颠倒。",general,"睡眠医学基础科普"
"为什么有的人天生睡得少还精神？","少数人属于短睡眠基因携带者，每日睡眠4-6小时即可满足需求，这是遗传特质，并非人人适用，不可刻意模仿。",general,"睡眠医学科普"
"睡眠质量和睡眠时间哪个更重要？","同等重要，优质睡眠需时长达标+深睡眠充足，只睡够时长但全程浅睡，依然会觉得疲惫。",general,"中国睡眠研究会"
"睡前玩手机会影响睡眠吗？","会，手机蓝光会抑制褪黑素分泌，打乱生物钟，且信息刺激让大脑兴奋，导致入睡困难、睡眠变浅。",sleep_hygiene,"国家卫健委睡眠科普"
"午睡多久最合适？","健康午睡时长为20-30分钟，能缓解疲劳；超过1小时易进入深睡眠，醒来会头昏，还会影响夜间睡眠。",sleep_hygiene,"中国睡眠研究会"
"午睡的最佳时间是什么时候？","最佳午睡时间是中午12:30-13:30，此时人体易犯困，午睡效果最好，避免下午3点后午睡。",sleep_hygiene,"国家卫健委睡眠科普"
"熬夜后补觉能弥补损伤吗？","偶尔熬夜补觉可缓解疲劳，但长期熬夜造成的生物钟紊乱、脏器损伤无法通过补觉完全修复。",sleep_hygiene,"中国睡眠研究会"
"睡前泡脚有助于睡眠吗？","是的，睡前用40℃左右温水泡脚10-15分钟，能促进血液循环、放松身心，帮助快速入睡。",sleep_hygiene,"国家卫健委睡眠科普"
"睡前喝牛奶能助眠吗？","牛奶含少量色氨酸，有轻微助眠作用，更关键是温热牛奶带来的舒缓感，对轻度入睡困难有帮助。",sleep_hygiene,"睡眠科普指南"
"睡觉应该左侧卧还是右侧卧？","健康人群推荐右侧卧，不压迫心脏；孕妇推荐左侧卧；打鼾人群建议侧卧，避免仰卧加重打鼾。",sleep_hygiene,"中国睡眠研究会"
"睡觉蒙头睡有什么危害？","蒙头睡会导致呼吸不畅、缺氧，引发睡眠浅、头晕、胸闷，还会吸入大量二氧化碳，影响睡眠质量。",sleep_hygiene,"国家卫健委睡眠科普"
"睡前运动能助眠吗？","轻度拉伸、瑜伽可以，但剧烈运动（跑步、健身）会让大脑兴奋，建议睡前3小时内避免剧烈运动。",sleep_hygiene,"睡眠健康指南"
"卧室温度多少最适合睡觉？","卧室适宜睡眠温度为18-22℃，温度过高易燥热多梦，过低易受凉，均会降低睡眠质量。",sleep_hygiene,"国家卫健委睡眠科普"
"枕头高度怎么选才合适？","仰卧时枕头高度以一拳为宜，侧卧时与肩同宽，过高过低都会导致颈椎不适、睡眠中断。",sleep_hygiene,"中国睡眠研究会"
"经常开窗睡觉好吗？","好，开窗能保持室内空气流通，避免缺氧，提升睡眠质量；冬季注意保暖，避免直吹冷风即可。",sleep_hygiene,"国家卫健委睡眠科普"
"睡前多久不能吃东西？","睡前2-3小时不宜进食，饱腹会加重肠胃负担，导致入睡困难、夜间易醒；饥饿可少量吃清淡食物。",sleep_hygiene,"睡眠健康指南"
"咖啡和浓茶对睡眠的影响持续多久？","咖啡因代谢半衰期约4-6小时，下午2点后饮用咖啡、浓茶，大概率会影响夜间入睡。",sleep_hygiene,"中国睡眠研究会"
"熬夜后第二天怎么快速恢复精神？","可短暂午睡20分钟、补充温水、吃富含维生素的食物，避免暴饮暴食，晚间提前1小时入睡调整。",sleep_hygiene,"国家卫健委睡眠科普"
"什么情况算失眠？","每周出现3次及以上入睡困难（躺床30分钟睡不着）、早醒、睡眠浅，持续1个月以上，且日间精神差，即为失眠。",insomnia,"中国成人失眠诊断与治疗指南2023版"
"偶尔睡不着是失眠症吗？","不是，偶尔因压力、情绪导致的入睡困难是生理性失眠，调整后可恢复，不属于慢性失眠症。",insomnia,"国家卫健委睡眠科普"
"压力大导致的失眠该怎么缓解？","可通过睡前冥想、深呼吸、听白噪音放松，避免睡前想烦心事，必要时写下来清空大脑。",insomnia,"中国睡眠研究会"
"越想睡着越睡不着怎么办？","这是睡眠焦虑，躺床20分钟仍睡不着就起床做放松的事，有困意再回床，不要强迫自己入睡。",insomnia,"睡眠医学科普"
"失眠会变成常态吗？","若不及时调整作息、缓解情绪，短期失眠会发展为慢性失眠，形成“怕睡不着→更睡不着”的恶性循环。",insomnia,"中国成人失眠诊断与治疗指南2023版"
"晚上醒了就再也睡不着是什么原因？","多为早醒型失眠，常见于压力过大、焦虑、生物钟紊乱，也可能是抑郁情绪的伴随表现。",insomnia,"睡眠健康指南"
"多梦易醒属于失眠吗？","属于睡眠维持障碍型失眠，睡眠全程浅、频繁醒、多梦，会导致日间疲惫，属于失眠范畴。",insomnia,"中国睡眠研究会"
"老年人为什么容易失眠？","老年人褪黑素分泌减少、深睡眠变短，加上躯体疾病、情绪变化，更容易出现入睡难、早醒。",insomnia,"国家卫健委睡眠科普"
"学生熬夜学习导致失眠怎么办？","优先调整作息，固定入睡时间，减少睡前电子产品使用，通过课间放松缓解学习压力，避免长期熬夜。",insomnia,"睡眠健康指南"
"失眠可以靠喝酒助眠吗？","绝对不行，酒精会破坏深睡眠，导致睡眠碎片化，还会形成依赖，加重失眠，危害肝脏健康。",insomnia,"中国成人失眠诊断与治疗指南2023版"
"为什么周末睡懒觉后反而更累？","周末睡懒觉会打乱生物钟，导致昼夜节律紊乱，出现“睡眠惯性”，醒来更疲惫，还会影响周一入睡。",insomnia,"中国睡眠研究会"
"失眠和心理状态关系大吗？","很大，80%以上的慢性失眠与焦虑、压力、抑郁等心理因素相关，情绪平复后失眠多会缓解。",insomnia,"国家卫健委睡眠科普"
"新生儿每天需要睡多久？","新生儿每日睡眠16-20小时，不分昼夜，随月龄增长，睡眠时间逐渐减少，夜间睡眠时长增加。",general,"国家卫健委儿童睡眠指南"
"婴儿频繁夜醒正常吗？","3个月内婴儿夜醒是正常生理需求，因饥饿、排尿醒来；6个月后可逐步培养夜间连续睡眠习惯。",general,"中国睡眠研究会"
"儿童晚睡会影响长高吗？","会，生长激素主要在夜间深睡眠分泌，晚睡、缺觉会减少生长激素分泌，直接影响儿童身高发育。",general,"国家卫健委儿童睡眠指南"
"孕妇失眠正常吗？该怎么改善？","孕期因激素变化、腹部压迫易失眠，推荐左侧卧、睡前少喝水、放松心情，避免擅自用助眠药物。",general,"孕期健康科普"
"老年人睡眠少是正常的吗？","老年人深睡眠减少、总睡眠时长缩短是正常生理现象，只要日间精神充足，无需刻意延长睡眠。",general,"中国睡眠研究会"
"上班族倒班怎么调整睡眠？","倒班后优先补夜间睡眠，佩戴眼罩耳塞营造黑暗环境，避免强光，逐步固定作息，减少频繁倒班。",general,"职业健康睡眠指南"
"高考学生如何保证睡眠质量？","固定作息不熬夜，睡前不刷题，适度放松，卧室保持安静，避免因焦虑过度关注睡眠。",general,"国家卫健委睡眠科普"
"产后妈妈失眠怎么办？","产后失眠多与激素、育儿压力相关，可利用宝宝睡眠同步休息，家人分担育儿，避免过度劳累。",insomnia,"母婴健康科普"
"更年期女性为什么容易失眠？","更年期雌激素下降，会引发潮热、盗汗、情绪波动，直接干扰睡眠，导致入睡难、易醒。",insomnia,"女性健康指南"
"运动员需要更多睡眠吗？","是的，运动员身体消耗大，每日需8-10小时睡眠，充足睡眠能促进肌肉修复、提升运动表现。",general,"运动健康科普"
"“鬼压床”是灵异现象吗？","不是，鬼压床是睡眠瘫痪症，属于睡眠障碍，因大脑清醒但身体肌肉仍处于放松状态，无健康风险，放松后可缓解。",general,"睡眠医学科普"
"打鼾就是睡得香吗？","不是，轻微打鼾是正常现象，严重打鼾且伴随呼吸暂停，是阻塞性睡眠呼吸暂停，会缺氧、伤身体。",osa,"中国睡眠研究会"
"褪黑素是万能助眠药吗？","不是，褪黑素仅适用于倒时差、生物钟紊乱，对慢性失眠效果有限，不可长期滥用。",general,"国家卫健委睡眠科普"
"睡前看剧能放松助眠吗？","不能，剧情刺激会让大脑兴奋，尤其是悬疑、剧情类剧集，反而会加重入睡困难。",sleep_hygiene,"睡眠健康指南"
"失眠就一定要吃安眠药吗？","不是，慢性失眠首选认知行为治疗，轻度失眠可通过作息调整改善，安眠药需在医生指导下使用。",insomnia,"中国成人失眠诊断与治疗指南2023版"
"白天补觉能抵消熬夜的伤害？","不能，白天补觉无法修复熬夜对心血管、大脑、内分泌的损伤，只是缓解短期疲劳。",general,"国家卫健委睡眠科普"
"睡觉越安静越好吗？","绝对安静易放大细微声音，引发焦虑，轻微白噪音（雨声、风扇声）反而更助眠。",general,"睡眠医学科普"
"裸睡一定对睡眠好吗？","裸睡适合体质好、卧室卫生的人群，能放松身体；体质虚寒、易受凉人群不建议裸睡。",general,"健康生活指南"
"周末补觉能还清睡眠债？","不能，长期睡眠债无法通过周末补觉完全偿还，反而会打乱生物钟，加重周一失眠。",general,"中国睡眠研究会"
"睡前玩手机开夜间模式就没影响？","夜间模式只能减少蓝光，无法消除信息刺激，依然会抑制褪黑素，影响入睡。",sleep_hygiene,"国家卫健委睡眠科普"
"长期失眠会导致高血压吗？","会，长期睡眠不足会导致交感神经兴奋，血压升高，增加高血压、心血管疾病风险。",insomnia,"国家卫健委健康科普"
"睡眠不好会让人变胖吗？","会，缺觉会紊乱瘦素和饥饿素分泌，让人食欲亢进、偏爱高热量食物，导致脂肪堆积。",general,"中国睡眠研究会"
"睡眠不足会影响记忆力吗？","会，记忆巩固主要在睡眠中完成，长期缺觉会导致记忆力下降、注意力不集中、反应迟钝。",general,"国家卫健委健康科普"
"熬夜会掉头发吗？","会，熬夜会紊乱内分泌，影响毛囊健康，导致脱发增多、发质变差，长期熬夜会加重脱发。",general,"毛发健康科普"
"睡眠不好会影响免疫力吗？","会，睡眠是免疫系统修复的关键，长期睡眠不足会降低免疫力，更容易感冒、感染疾病。",general,"国家卫健委健康科普"
"失眠会引发抑郁症吗？","失眠和抑郁症互为因果，长期慢性失眠会增加抑郁风险，抑郁情绪也会直接导致失眠。",insomnia,"精神健康指南"
"睡眠不足会影响皮肤状态吗？","会，缺觉会导致皮肤新陈代谢变慢，出现暗沉、长痘、黑眼圈、皱纹加深，加速皮肤衰老。",general,"美容健康科普"
"打鼾会导致猝死吗？","严重阻塞性睡眠呼吸暂停引发的打鼾，会导致夜间反复缺氧，增加心梗、脑梗、猝死风险。",osa,"中国睡眠研究会"
"睡眠质量差会影响血糖吗？","会，长期睡眠不足会降低胰岛素敏感性，导致血糖波动，增加糖尿病患病风险。",general,"内分泌健康科普"
"充足睡眠能缓解焦虑吗？","能，优质睡眠能调节情绪中枢，缓解焦虑、烦躁，长期规律睡眠可改善情绪状态。",general,"国家卫健委健康科普"
"什么样的打鼾需要警惕？","打鼾声音忽大忽小、伴随呼吸暂停、憋醒，日间嗜睡、头晕，需警惕阻塞性睡眠呼吸暂停。",osa,"中国睡眠研究会"
"肥胖为什么容易打鼾？","肥胖者颈部脂肪堆积，压迫气道，导致气道狭窄，呼吸时气流震动引发打鼾。",osa,"睡眠呼吸科普"
"儿童打鼾需要治疗吗？","需要，儿童打鼾多因腺样体、扁桃体肥大，长期会缺氧、影响智力和身高发育，需及时检查。",osa,"国家卫健委儿童健康科普"
"侧卧能改善打鼾吗？","能，仰卧时舌根后坠堵塞气道，侧卧可打开气道，有效缓解轻度打鼾。",osa,"中国睡眠研究会"
"打鼾可以用止鼾贴根治吗？","止鼾贴仅对轻度生理性打鼾有缓解作用，对睡眠呼吸暂停无效，无法根治。",osa,"睡眠健康指南"
"睡眠呼吸暂停不治疗有什么危害？","会导致长期缺氧，损伤心脑血管、大脑，引发高血压、脑梗、认知下降，甚至夜间猝死。",osa,"中国睡眠研究会"
"褪黑素适合哪些人吃？","适合倒时差、熬夜后调生物钟、老年人褪黑素分泌不足的人群，不适合慢性失眠患者。",general,"国家卫健委睡眠科普"
"褪黑素吃多久合适？","短期服用3-7天即可，长期服用会抑制自身褪黑素分泌，产生依赖，不建议连续吃超过1个月。",general,"中国睡眠研究会"
"助眠软糖、助眠茶真的有效吗？","这类产品多含少量褪黑素、酸枣仁等成分，对轻度入睡困难有轻微缓解，无治疗失眠的作用。",general,"健康科普"
"酸枣仁能助眠吗？","酸枣仁是传统助眠食材，对轻度心神不宁导致的失眠有舒缓作用，需长期饮用才见效。",general,"中医药健康科普"
"安眠药和褪黑素的区别是什么？","安眠药是处方药，针对重度失眠，起效快但有依赖风险；褪黑素是保健品，仅调节节律，无强助眠效果。",insomnia,"中国成人失眠诊断与治疗指南2023版"
"跨时区旅行倒时差最快的方法是什么？","出发前1-2天按目的地作息调整，白天多晒太阳，夜间避光，落地后按当地时间作息，可短期服用褪黑素辅助调节。",general,"国家卫健委旅行健康科普"
"坐飞机长途旅行怎么睡更舒服？","选择靠窗座位，佩戴眼罩耳塞，穿宽松衣物，避免大量饮水，适度活动下肢，防止久坐水肿。",general,"旅行健康指南"
"熬夜跨天后如何快速调整生物钟？","固定起床时间，白天短暂晒光，避免长时间补觉，夜间营造黑暗安静环境，1-3天可恢复节律。",general,"中国睡眠研究会"
"焦虑为什么会让人入睡困难？","焦虑会使交感神经兴奋，大脑处于警觉状态，导致心跳加快、思绪纷乱，无法进入放松的睡眠状态。",insomnia,"精神健康科普"
"心情不好会影响睡眠质量吗？","会，抑郁、烦躁等负面情绪会减少深睡眠、增加夜间觉醒次数，导致睡眠碎片化、晨起疲惫。",insomnia,"中国睡眠研究会"
"睡前胡思乱想怎么快速停止？","可采用“大脑清空法”，把烦心事写在纸上，配合深呼吸、冥想，阻断思绪延续。",insomnia,"睡眠心理科普"
"长期失眠会导致神经衰弱吗？","长期失眠会引发神经功能紊乱，出现头晕、记忆力下降、注意力不集中等类似神经衰弱的表现，改善睡眠后可缓解。",insomnia,"中国成人失眠诊断与治疗指南2023版"
"躺在床上数羊能助眠吗？","数羊会让大脑持续专注，反而加重兴奋，效果很差，不如放松呼吸、想象平静场景更助眠。",insomnia,"睡眠健康指南"
"减肥能治好打鼾吗？","肥胖导致的打鼾，减重10%以上可明显缓解气道狭窄，减轻打鼾；非肥胖型打鼾减重效果有限。",osa,"中国睡眠研究会"
"鼻炎会加重打鼾吗？","会，鼻炎导致鼻腔堵塞，被迫张口呼吸，加重咽喉部振动，使打鼾更严重，先治鼻炎可改善打鼾。",osa,"耳鼻喉健康科普"
"为什么倒时差往西飞比往东飞更容易适应？","往西飞（如北京到伦敦）是“相位延迟”，人体生物钟天然周期略长于24小时，延迟比提前容易；往东飞需提前入睡，更难适应。",general,"睡眠生理学"
"吃褪黑素倒时差的最佳服用时间是什么？","往东飞：目的地睡前30分钟服用；往西飞：目的地睡前服用或清晨服用低剂量，具体需根据行程调整。",general,"旅行睡眠指南"
"为什么有些人天生就是“夜猫子”？","基因影响，如PER3、CLOCK基因多态性导致昼夜节律周期长于24小时，属于睡眠时相延迟综合征，并非懒惰。",general,"睡眠遗传学"
"睡觉时大脑会“洗脑”吗？","会，最新研究发现睡眠期间脑脊液会周期性流入大脑，清除β淀粉样蛋白等代谢废物，这个过程在深睡眠最活跃。",general,"神经科学前沿"
"睡眠不足会影响疫苗效果吗？","会，多项研究表明接种疫苗前一周睡眠不足（<6小时）会显著降低抗体反应，尤其是流感疫苗和乙肝疫苗。",general,"睡眠免疫学"
"为什么晚上吃太饱容易做噩梦？","饱餐后胃肠负担加重，可能增加睡眠中身体不适感和觉醒次数，同时快速眼动期比例改变，易诱发鲜明甚至恐怖的梦境。",sleep_hygiene,"睡眠医学"
"做梦时能控制梦境吗？","可以，这叫“清醒梦”，约半数人经历过。通过训练（如现实测试、MILD技术）可提高发生频率，对部分噩梦患者有益。",general,"睡眠心理学"
"为什么有些人睡觉会“鬼压床”但意识清醒？","这是睡眠瘫痪，通常发生在刚入睡或将醒时，REM期肌肉松弛机制未及时解除，大脑意识已恢复，可伴有幻觉。",general,"睡眠医学"
"咖啡因在体内的半衰期受什么影响？","吸烟和某些药物会缩短半衰期（约3小时）；怀孕、口服避孕药、肝功能差会延长（可达10小时以上）。",general,"睡眠药理学"
"睡觉时流口水是因为睡得香吗？","不一定，流口水更多与睡姿（侧卧、俯卧）、鼻塞、口腔问题、神经调节有关，与睡眠质量无直接关联。",general,"睡眠常识"
"午睡超过1小时为什么反而更困？","超过30分钟易进入深睡眠，被唤醒时出现“睡眠惯性”，大脑需较长时间切换状态，导致昏沉感。",sleep_hygiene,"睡眠健康指南"
"睡前听白噪音为什么能助眠？","白噪音可掩盖环境突发噪音（如关门声、车声），减少皮层微觉醒，同时形成条件反射，让大脑将噪音与放松关联。",sleep_hygiene,"睡眠医学"
"为什么有些人睡觉一定要抱着东西？","这是“过渡性客体”依恋，源于童年安全感需求，可降低焦虑、促进放松，与睡眠质量正相关。",general,"睡眠心理学"
"戴眼罩睡觉有什么好处？","完全黑暗可防止光线抑制褪黑素，尤其对窗边、早睡人群有用；还能减少REM期眼球运动干扰，改善睡眠连续性。",sleep_hygiene,"睡眠环境科学"
"睡前洗澡应该提前多久？","建议睡前1-2小时洗热水澡，水温40-42℃，洗后体温先升后降，这个下降过程会促进入睡。",sleep_hygiene,"睡眠生理"
"为什么冬天早上更难起床？","冬季光照时间短，褪黑素消退延迟；同时环境温度低，身体需要更多时间从“节能模式”切换至清醒状态。",general,"昼夜节律"
"睡眠中打呼噜突然停止并憋气是怎么回事？","很可能是阻塞性睡眠呼吸暂停事件，气道塌陷导致呼吸中断，大脑因缺氧而短暂唤醒恢复呼吸，需要就医排查。",osa,"睡眠呼吸科普"
"儿童睡觉磨牙需要治疗吗？","6岁以下儿童磨牙多为生理性，随成长消失；若出现牙齿磨损、下颌疼痛、头痛或持续至青少年期，需口腔科评估。",general,"儿童睡眠健康"
"睡前喝酒为什么后半夜容易醒？","酒精初期有镇静作用，但代谢后会产生反跳性觉醒，抑制REM睡眠，导致后半夜睡眠碎片化、多梦易醒。",sleep_hygiene,"睡眠医学"
"枕头用多久需要更换？","一般建议每1-2年更换，当枕头出现结块、失去弹性、高度塌陷、或清洗后仍有异味时，会影响颈椎和睡眠质量。",sleep_hygiene,"睡眠环境健康"